[{"model": "admin.logentry", "pk": 1, "fields": {"action_time": "2026-03-03T16:44:13.697Z", "user": 1, "content_type": 7, "object_id": "1", "object_repr": "Fire Department - Mombasa Chuda", "action_flag": 1, "change_message": "[{\"added\": {}}]"}}, {"model": "admin.logentry", "pk": 2, "fields": {"action_time": "2026-03-04T12:25:33.597Z", "user": 1, "content_type": 12, "object_id": "1", "object_repr": "milli", "action_flag": 1, "change_message": "[{\"added\": {}}]"}}, {"model": "admin.logentry", "pk": 3, "fields": {"action_time": "2026-03-04T12:25:37.758Z", "user": 1, "content_type": 12, "object_id": "1", "object_repr": "milli", "action_flag": 2, "change_message": "[]"}}, {"model": "admin.logentry", "pk": 4, "fields": {"action_time": "2026-03-04T12:35:28.137Z", "user": 1, "content_type": 4, "object_id": "3", "object_repr": "mimi", "action_flag": 3, "change_message": ""}}, {"model": "admin.logentry", "pk": 5, "fields": {"action_time": "2026-03-04T12:57:44.531Z", "user": 1, "content_type": 4, "object_id": "4", "object_repr": "mimi", "action_flag": 3, "change_message": ""}}, {"model": "admin.logentry", "pk": 6, "fields": {"action_time": "2026-03-04T13:29:30.415Z", "user": 1, "content_type": 4, "object_id": "5", "object_repr": "mimi", "action_flag": 3, "change_message": ""}}, {"model": "admin.logentry", "pk": 7, "fields": {"action_time": "2026-03-04T19:06:04.658Z", "user": 1, "content_type": 4, "object_id": "6", "object_repr": "mimi", "action_flag": 3, "change_message": ""}}, {"model": "admin.logentry", "pk": 8, "fields": {"action_time": "2026-03-04T19:15:42.525Z", "user": 1, "content_type": 4, "object_id": "7", "object_repr": "mimi", "action_flag": 3, "change_message": ""}}, {"model": "admin.logentry", "pk": 9, "fields": {"action_time": "2026-03-04T19:24:00.996Z", "user": 1, "content_type": 4, "object_id": "8", "object_repr": "mimi", "action_flag": 3, "change_message": ""}}, {"model": "admin.logentry", "pk": 10, "fields": {"action_time": "2026-03-04T19:28:57.355Z", "user": 1, "content_type": 4, "object_id": "9", "object_repr": "mimi", "action_flag": 3, "change_message": ""}}, {"model": "admin.logentry", "pk": 11, "fields": {"action_time": "2026-03-06T13:01:27.378Z", "user": 1, "content_type": 7, "object_id": "2", "object_repr": "Medical/Ambulance - Mombasa Chuda", "action_flag": 1, "change_message": "[{\"added\": {}}]"}}, {"model": "admin.logentry", "pk": 12, "fields": {"action_time": "2026-03-06T13:01:50.031Z", "user": 1, "content_type": 7, "object_id": "3", "object_repr": "Police Department - Mombasa Tudor", "action_flag": 1, "change_message": "[{\"added\": {}}]"}}, {"model": "admin.logentry", "pk": 13, "fields": {"action_time": "2026-03-06T13:02:02.420Z", "user": 1, "content_type": 7, "object_id": "2", "object_repr": "Medical/Ambulance - Mombasa Tudor", "action_flag": 2, "change_message": "[{\"changed\": {\"fields\": [\"Location name\"]}}]"}}, {"model": "admin.logentry", "pk": 14, "fields": {"action_time": "2026-03-06T13:02:11.212Z", "user": 1, "content_type": 7, "object_id": "1", "object_repr": "Fire Department - Mombasa Tudor", "action_flag": 2, "change_message": "[{\"changed\": {\"fields\": [\"Location name\"]}}]"}}, {"model": "admin.logentry", "pk": 15, "fields": {"action_time": "2026-03-06T13:21:06.383Z", "user": 1, "content_type": 7, "object_id": "2", "object_repr": "Medical/Ambulance - Mombasa Tudor", "action_flag": 2, "change_message": "[{\"changed\": {\"fields\": [\"Description\"]}}]"}}, {"model": "admin.logentry", "pk": 16, "fields": {"action_time": "2026-03-06T13:21:20.003Z", "user": 1, "content_type": 7, "object_id": "3", "object_repr": "Police Department - Mombasa Tudor", "action_flag": 2, "change_message": "[{\"changed\": {\"fields\": [\"Description\"]}}]"}}, {"model": "admin.logentry", "pk": 17, "fields": {"action_time": "2026-03-11T13:03:27.655Z", "user": 1, "content_type": 11, "object_id": "1", "object_repr": " - Fire Department", "action_flag": 1, "change_message": "[{\"added\": {}}]"}}, {"model": "admin.logentry", "pk": 18, "fields": {"action_time": "2026-03-11T13:04:32.081Z", "user": 1, "content_type": 4, "object_id": "10", "object_repr": "mimi", "action_flag": 2, "change_message": "[{\"changed\": {\"fields\": [\"Staff status\"]}}]"}}, {"model": "admin.logentry", "pk": 19, "fields": {"action_time": "2026-03-11T13:12:35.860Z", "user": 1, "content_type": 11, "object_id": "2", "object_repr": " - Medical/Ambulance", "action_flag": 1, "change_message": "[{\"added\": {}}]"}}, {"model": "admin.logentry", "pk": 20, "fields": {"action_time": "2026-03-11T13:13:45.162Z", "user": 1, "content_type": 11, "object_id": "3", "object_repr": "millie - Police Department", "action_flag": 1, "change_message": "[{\"added\": {}}]"}}, {"model": "admin.logentry", "pk": 21, "fields": {"action_time": "2026-03-11T13:14:03.797Z", "user": 1, "content_type": 4, "object_id": "2", "object_repr": "milli", "action_flag": 2, "change_message": "[{\"changed\": {\"fields\": [\"Staff status\"]}}]"}}, {"model": "admin.logentry", "pk": 22, "fields": {"action_time": "2026-03-11T13:14:10.413Z", "user": 1, "content_type": 4, "object_id": "11", "object_repr": "sisi", "action_flag": 2, "change_message": "[{\"changed\": {\"fields\": [\"Staff status\"]}}]"}}, {"model": "admin.logentry", "pk": 23, "fields": {"action_time": "2026-03-11T13:15:18.940Z", "user": 1, "content_type": 10, "object_id": "1", "object_repr": "Response to Fire Department Emergency by  - Fire Department", "action_flag": 1, "change_message": "[{\"added\": {}}]"}}, {"model": "admin.logentry", "pk": 24, "fields": {"action_time": "2026-03-11T13:18:56.141Z", "user": 1, "content_type": 4, "object_id": "2", "object_repr": "police", "action_flag": 2, "change_message": "[{\"changed\": {\"fields\": [\"Username\", \"First name\"]}}]"}}, {"model": "admin.logentry", "pk": 25, "fields": {"action_time": "2026-03-11T13:19:17.187Z", "user": 1, "content_type": 12, "object_id": "1", "object_repr": "police", "action_flag": 2, "change_message": "[{\"changed\": {\"fields\": [\"Full name\", \"Location\"]}}]"}}, {"model": "admin.logentry", "pk": 26, "fields": {"action_time": "2026-03-11T13:20:12.519Z", "user": 1, "content_type": 4, "object_id": "11", "object_repr": "medical", "action_flag": 2, "change_message": "[{\"changed\": {\"fields\": [\"Username\", \"First name\", \"Email address\"]}}]"}}, {"model": "admin.logentry", "pk": 27, "fields": {"action_time": "2026-03-11T13:20:34.865Z", "user": 1, "content_type": 12, "object_id": "9", "object_repr": "medical", "action_flag": 2, "change_message": "[{\"changed\": {\"fields\": [\"Full name\", \"Location\"]}}]"}}, {"model": "admin.logentry", "pk": 28, "fields": {"action_time": "2026-03-11T13:20:46.697Z", "user": 1, "content_type": 12, "object_id": "8", "object_repr": "fire", "action_flag": 2, "change_message": "[{\"changed\": {\"fields\": [\"Full name\", \"Location\"]}}]"}}, {"model": "admin.logentry", "pk": 29, "fields": {"action_time": "2026-03-11T13:21:05.862Z", "user": 1, "content_type": 4, "object_id": "10", "object_repr": "fire", "action_flag": 2, "change_message": "[{\"changed\": {\"fields\": [\"Username\", \"First name\", \"Email address\"]}}]"}}, {"model": "admin.logentry", "pk": 30, "fields": {"action_time": "2026-03-11T13:33:36.414Z", "user": 1, "content_type": 4, "object_id": "11", "object_repr": "medical", "action_flag": 2, "change_message": "[{\"changed\": {\"fields\": [\"password\"]}}]"}}, {"model": "admin.logentry", "pk": 31, "fields": {"action_time": "2026-03-11T13:35:03.709Z", "user": 1, "content_type": 4, "object_id": "2", "object_repr": "police", "action_flag": 2, "change_message": "[{\"changed\": {\"fields\": [\"password\"]}}]"}}, {"model": "admin.logentry", "pk": 32, "fields": {"action_time": "2026-03-11T13:54:05.202Z", "user": 1, "content_type": 2, "object_id": "1", "object_repr": "fire responders", "action_flag": 1, "change_message": "[{\"added\": {}}]"}}, {"model": "admin.logentry", "pk": 33, "fields": {"action_time": "2026-03-11T13:54:21.998Z", "user": 1, "content_type": 2, "object_id": "2", "object_repr": "Medical Responders", "action_flag": 1, "change_message": "[{\"added\": {}}]"}}, {"model": "admin.logentry", "pk": 34, "fields": {"action_time": "2026-03-11T13:54:41.418Z", "user": 1, "content_type": 2, "object_id": "1", "object_repr": "Fire Responders", "action_flag": 2, "change_message": "[{\"changed\": {\"fields\": [\"Name\"]}}]"}}, {"model": "admin.logentry", "pk": 35, "fields": {"action_time": "2026-03-11T13:55:05.731Z", "user": 1, "content_type": 2, "object_id": "3", "object_repr": "Police Responders", "action_flag": 1, "change_message": "[{\"added\": {}}]"}}, {"model": "admin.logentry", "pk": 36, "fields": {"action_time": "2026-03-11T13:55:20.504Z", "user": 1, "content_type": 2, "object_id": "4", "object_repr": "General Responders", "action_flag": 1, "change_message": "[{\"added\": {}}]"}}, {"model": "admin.logentry", "pk": 37, "fields": {"action_time": "2026-03-11T14:05:45.374Z", "user": 1, "content_type": 4, "object_id": "2", "object_repr": "police", "action_flag": 2, "change_message": "[{\"changed\": {\"fields\": [\"Email address\"]}}]"}}, {"model": "admin.logentry", "pk": 38, "fields": {"action_time": "2026-03-11T14:30:13.840Z", "user": 1, "content_type": 4, "object_id": "10", "object_repr": "fire", "action_flag": 2, "change_message": "[{\"changed\": {\"fields\": [\"Groups\"]}}]"}}, {"model": "admin.logentry", "pk": 39, "fields": {"action_time": "2026-03-11T14:30:24.491Z", "user": 1, "content_type": 4, "object_id": "11", "object_repr": "medical", "action_flag": 2, "change_message": "[{\"changed\": {\"fields\": [\"Groups\"]}}]"}}, {"model": "admin.logentry", "pk": 40, "fields": {"action_time": "2026-03-11T14:30:31.419Z", "user": 1, "content_type": 4, "object_id": "2", "object_repr": "police", "action_flag": 2, "change_message": "[{\"changed\": {\"fields\": [\"Groups\"]}}]"}}, {"model": "admin.logentry", "pk": 41, "fields": {"action_time": "2026-03-11T14:37:41.196Z", "user": 1, "content_type": 2, "object_id": "1", "object_repr": "Fire Department", "action_flag": 2, "change_message": "[{\"changed\": {\"fields\": [\"Name\"]}}]"}}, {"model": "admin.logentry", "pk": 42, "fields": {"action_time": "2026-03-11T14:41:25.981Z", "user": 1, "content_type": 7, "object_id": "4", "object_repr": "General Department - Tudor", "action_flag": 1, "change_message": "[{\"added\": {}}]"}}, {"model": "admin.logentry", "pk": 43, "fields": {"action_time": "2026-03-11T14:42:13.487Z", "user": 1, "content_type": 2, "object_id": "4", "object_repr": "General Department", "action_flag": 2, "change_message": "[{\"changed\": {\"fields\": [\"Name\"]}}]"}}, {"model": "admin.logentry", "pk": 44, "fields": {"action_time": "2026-03-11T14:42:21.775Z", "user": 1, "content_type": 2, "object_id": "2", "object_repr": "Medical Department", "action_flag": 2, "change_message": "[{\"changed\": {\"fields\": [\"Name\"]}}]"}}, {"model": "admin.logentry", "pk": 45, "fields": {"action_time": "2026-03-11T14:42:30.227Z", "user": 1, "content_type": 2, "object_id": "3", "object_repr": "Police Department", "action_flag": 2, "change_message": "[{\"changed\": {\"fields\": [\"Name\"]}}]"}}, {"model": "admin.logentry", "pk": 46, "fields": {"action_time": "2026-03-11T14:46:38.973Z", "user": 1, "content_type": 4, "object_id": "12", "object_repr": "general", "action_flag": 2, "change_message": "[{\"changed\": {\"fields\": [\"Username\", \"First name\", \"Email address\", \"Staff status\"]}}]"}}, {"model": "admin.logentry", "pk": 47, "fields": {"action_time": "2026-03-11T14:48:12.794Z", "user": 1, "content_type": 11, "object_id": "4", "object_repr": "general - General Department", "action_flag": 1, "change_message": "[{\"added\": {}}]"}}, {"model": "admin.logentry", "pk": 48, "fields": {"action_time": "2026-03-11T14:58:59.668Z", "user": 1, "content_type": 4, "object_id": "12", "object_repr": "general", "action_flag": 2, "change_message": "[]"}}, {"model": "admin.logentry", "pk": 49, "fields": {"action_time": "2026-03-11T14:59:42.473Z", "user": 1, "content_type": 4, "object_id": "10", "object_repr": "fire", "action_flag": 2, "change_message": "[{\"changed\": {\"fields\": [\"password\"]}}]"}}, {"model": "admin.logentry", "pk": 50, "fields": {"action_time": "2026-03-11T15:04:04.824Z", "user": 1, "content_type": 7, "object_id": "4", "object_repr": "General Department - Tudor", "action_flag": 2, "change_message": "[{\"changed\": {\"fields\": [\"Name\", \"Description\"]}}]"}}, {"model": "admin.logentry", "pk": 51, "fields": {"action_time": "2026-03-11T15:05:32.575Z", "user": 1, "content_type": 11, "object_id": "4", "object_repr": "general - General Department", "action_flag": 2, "change_message": "[]"}}, {"model": "admin.logentry", "pk": 52, "fields": {"action_time": "2026-03-12T08:34:58.094Z", "user": 1, "content_type": 7, "object_id": "3", "object_repr": "Police Department - Tudor", "action_flag": 2, "change_message": "[{\"changed\": {\"fields\": [\"Location name\"]}}]"}}, {"model": "admin.logentry", "pk": 53, "fields": {"action_time": "2026-03-12T08:35:02.705Z", "user": 1, "content_type": 7, "object_id": "3", "object_repr": "Police Department - Tudor", "action_flag": 2, "change_message": "[]"}}, {"model": "admin.logentry", "pk": 54, "fields": {"action_time": "2026-03-12T08:35:08.476Z", "user": 1, "content_type": 7, "object_id": "2", "object_repr": "Medical Department - Tudor", "action_flag": 2, "change_message": "[{\"changed\": {\"fields\": [\"Location name\"]}}]"}}, {"model": "admin.logentry", "pk": 55, "fields": {"action_time": "2026-03-12T08:35:14.687Z", "user": 1, "content_type": 7, "object_id": "1", "object_repr": "Fire Department - Tudor_centre", "action_flag": 2, "change_message": "[{\"changed\": {\"fields\": [\"Location name\"]}}]"}}, {"model": "admin.logentry", "pk": 56, "fields": {"action_time": "2026-03-12T17:01:07.150Z", "user": 1, "content_type": 9, "object_id": "26", "object_repr": " - Pending (2026-03-11 14:53)", "action_flag": 3, "change_message": ""}}, {"model": "admin.logentry", "pk": 57, "fields": {"action_time": "2026-03-12T17:01:15.700Z", "user": 1, "content_type": 9, "object_id": "17", "object_repr": " - Pending (2026-03-09 18:30)", "action_flag": 3, "change_message": ""}}, {"model": "admin.logentry", "pk": 58, "fields": {"action_time": "2026-03-12T17:01:26.100Z", "user": 1, "content_type": 9, "object_id": "18", "object_repr": " - Pending (2026-03-09 18:32)", "action_flag": 3, "change_message": ""}}, {"model": "admin.logentry", "pk": 59, "fields": {"action_time": "2026-03-12T17:01:32.297Z", "user": 1, "content_type": 9, "object_id": "22", "object_repr": " - Pending (2026-03-09 18:53)", "action_flag": 3, "change_message": ""}}, {"model": "admin.logentry", "pk": 60, "fields": {"action_time": "2026-03-12T17:01:39.506Z", "user": 1, "content_type": 9, "object_id": "19", "object_repr": " - Pending (2026-03-09 18:32)", "action_flag": 3, "change_message": ""}}, {"model": "admin.logentry", "pk": 61, "fields": {"action_time": "2026-03-12T17:01:58.065Z", "user": 1, "content_type": 9, "object_id": "20", "object_repr": " - Pending (2026-03-09 18:33)", "action_flag": 3, "change_message": ""}}, {"model": "admin.logentry", "pk": 62, "fields": {"action_time": "2026-03-12T17:02:55.714Z", "user": 1, "content_type": 9, "object_id": "15", "object_repr": "fire - Pending (2026-03-09 14:19)", "action_flag": 3, "change_message": ""}}, {"model": "admin.logentry", "pk": 63, "fields": {"action_time": "2026-03-12T17:02:55.714Z", "user": 1, "content_type": 9, "object_id": "14", "object_repr": "wfwfe - Pending (2026-03-09 13:58)", "action_flag": 3, "change_message": ""}}, {"model": "admin.logentry", "pk": 64, "fields": {"action_time": "2026-03-12T17:02:55.714Z", "user": 1, "content_type": 9, "object_id": "13", "object_repr": "aassas - Resolved (2026-03-09 09:47)", "action_flag": 3, "change_message": ""}}, {"model": "admin.logentry", "pk": 65, "fields": {"action_time": "2026-03-12T17:02:55.714Z", "user": 1, "content_type": 9, "object_id": "12", "object_repr": "fire - Pending (2026-03-09 09:35)", "action_flag": 3, "change_message": ""}}, {"model": "admin.logentry", "pk": 66, "fields": {"action_time": "2026-03-12T17:02:55.714Z", "user": 1, "content_type": 9, "object_id": "11", "object_repr": "adqwd - Pending (2026-03-09 09:24)", "action_flag": 3, "change_message": ""}}, {"model": "admin.logentry", "pk": 67, "fields": {"action_time": "2026-03-12T17:02:55.714Z", "user": 1, "content_type": 9, "object_id": "10", "object_repr": "adwd - Pending (2026-03-09 09:11)", "action_flag": 3, "change_message": ""}}, {"model": "admin.logentry", "pk": 68, "fields": {"action_time": "2026-03-12T17:02:55.714Z", "user": 1, "content_type": 9, "object_id": "9", "object_repr": "qwdqwdqd - Pending (2026-03-09 09:07)", "action_flag": 3, "change_message": ""}}, {"model": "admin.logentry", "pk": 69, "fields": {"action_time": "2026-03-12T17:02:55.714Z", "user": 1, "content_type": 9, "object_id": "8", "object_repr": "wdqwd - Pending (2026-03-09 09:07)", "action_flag": 3, "change_message": ""}}, {"model": "admin.logentry", "pk": 70, "fields": {"action_time": "2026-03-12T17:02:55.715Z", "user": 1, "content_type": 9, "object_id": "7", "object_repr": "sdqd - Pending (2026-03-09 09:04)", "action_flag": 3, "change_message": ""}}, {"model": "admin.logentry", "pk": 71, "fields": {"action_time": "2026-03-12T17:02:55.715Z", "user": 1, "content_type": 9, "object_id": "6", "object_repr": "sffwef - Pending (2026-03-09 09:01)", "action_flag": 3, "change_message": ""}}, {"model": "admin.logentry", "pk": 72, "fields": {"action_time": "2026-03-12T17:02:55.715Z", "user": 1, "content_type": 9, "object_id": "5", "object_repr": "dad - Pending (2026-03-09 08:54)", "action_flag": 3, "change_message": ""}}, {"model": "admin.logentry", "pk": 73, "fields": {"action_time": "2026-03-12T17:02:55.715Z", "user": 1, "content_type": 9, "object_id": "4", "object_repr": "fda - Pending (2026-03-09 08:52)", "action_flag": 3, "change_message": ""}}, {"model": "admin.logentry", "pk": 74, "fields": {"action_time": "2026-03-12T17:02:55.715Z", "user": 1, "content_type": 9, "object_id": "3", "object_repr": "fda - Pending (2026-03-09 08:51)", "action_flag": 3, "change_message": ""}}, {"model": "admin.logentry", "pk": 75, "fields": {"action_time": "2026-03-12T17:02:55.715Z", "user": 1, "content_type": 9, "object_id": "2", "object_repr": "fda - Pending (2026-03-09 08:38)", "action_flag": 3, "change_message": ""}}, {"model": "admin.logentry", "pk": 76, "fields": {"action_time": "2026-03-12T17:02:55.716Z", "user": 1, "content_type": 9, "object_id": "1", "object_repr": "fire - Pending (2026-03-09 07:33)", "action_flag": 3, "change_message": ""}}, {"model": "admin.logentry", "pk": 77, "fields": {"action_time": "2026-03-12T19:12:56.561Z", "user": 1, "content_type": 9, "object_id": "35", "object_repr": "General Department Emergency - Pending (2026-03-12 17:37)", "action_flag": 2, "change_message": "[{\"changed\": {\"fields\": [\"Status\"]}}]"}}, {"model": "admin.logentry", "pk": 78, "fields": {"action_time": "2026-03-12T19:13:02.316Z", "user": 1, "content_type": 9, "object_id": "36", "object_repr": "Fire Department Emergency - Pending (2026-03-12 17:43)", "action_flag": 2, "change_message": "[{\"changed\": {\"fields\": [\"Status\"]}}]"}}, {"model": "admin.logentry", "pk": 79, "fields": {"action_time": "2026-03-12T19:13:09.168Z", "user": 1, "content_type": 9, "object_id": "34", "object_repr": "General Department Emergency - Pending (2026-03-12 17:37)", "action_flag": 2, "change_message": "[{\"changed\": {\"fields\": [\"Status\"]}}]"}}, {"model": "admin.logentry", "pk": 80, "fields": {"action_time": "2026-03-12T19:13:16.143Z", "user": 1, "content_type": 9, "object_id": "29", "object_repr": "Fire Department Emergency - Pending (2026-03-12 17:33)", "action_flag": 2, "change_message": "[{\"changed\": {\"fields\": [\"Status\"]}}]"}}, {"model": "admin.logentry", "pk": 81, "fields": {"action_time": "2026-03-12T19:13:22.465Z", "user": 1, "content_type": 9, "object_id": "27", "object_repr": "General Department Emergency - Pending (2026-03-11 15:08)", "action_flag": 2, "change_message": "[{\"changed\": {\"fields\": [\"Status\"]}}]"}}, {"model": "admin.logentry", "pk": 82, "fields": {"action_time": "2026-03-12T19:13:53.048Z", "user": 1, "content_type": 9, "object_id": "36", "object_repr": "Fire Department Emergency - Pending (2026-03-12 17:43)", "action_flag": 2, "change_message": "[]"}}, {"model": "admin.logentry", "pk": 83, "fields": {"action_time": "2026-03-12T19:14:57.713Z", "user": 1, "content_type": 9, "object_id": "36", "object_repr": "Fire Department Emergency - In Progress (2026-03-12 17:43)", "action_flag": 2, "change_message": "[{\"changed\": {\"fields\": [\"Status\"]}}]"}}, {"model": "admin.logentry", "pk": 84, "fields": {"action_time": "2026-03-12T19:15:16.480Z", "user": 1, "content_type": 9, "object_id": "36", "object_repr": "Fire Department Emergency - Cancelled (2026-03-12 17:43)", "action_flag": 2, "change_message": "[{\"changed\": {\"fields\": [\"Status\"]}}]"}}, {"model": "admin.logentry", "pk": 85, "fields": {"action_time": "2026-03-12T19:15:36.513Z", "user": 1, "content_type": 9, "object_id": "36", "object_repr": "Fire Department Emergency - Pending (2026-03-12 17:43)", "action_flag": 2, "change_message": "[{\"changed\": {\"fields\": [\"Status\"]}}]"}}, {"model": "admin.logentry", "pk": 86, "fields": {"action_time": "2026-03-13T09:01:17.244Z", "user": 1, "content_type": 9, "object_id": "36", "object_repr": "Fire Department Emergency - In Progress (2026-03-12 17:43)", "action_flag": 2, "change_message": "[{\"changed\": {\"fields\": [\"Status\"]}}]"}}, {"model": "auth.permission", "pk": 1, "fields": {"name": "Can add log entry", "content_type": 1, "codename": "add_logentry"}}, {"model": "auth.permission", "pk": 2, "fields": {"name": "Can change log entry", "content_type": 1, "codename": "change_logentry"}}, {"model": "auth.permission", "pk": 3, "fields": {"name": "Can delete log entry", "content_type": 1, "codename": "delete_logentry"}}, {"model": "auth.permission", "pk": 4, "fields": {"name": "Can view log entry", "content_type": 1, "codename": "view_logentry"}}, {"model": "auth.permission", "pk": 5, "fields": {"name": "Can add permission", "content_type": 3, "codename": "add_permission"}}, {"model": "auth.permission", "pk": 6, "fields": {"name": "Can change permission", "content_type": 3, "codename": "change_permission"}}, {"model": "auth.permission", "pk": 7, "fields": {"name": "Can delete permission", "content_type": 3, "codename": "delete_permission"}}, {"model": "auth.permission", "pk": 8, "fields": {"name": "Can view permission", "content_type": 3, "codename": "view_permission"}}, {"model": "auth.permission", "pk": 9, "fields": {"name": "Can add group", "content_type": 2, "codename": "add_group"}}, {"model": "auth.permission", "pk": 10, "fields": {"name": "Can change group", "content_type": 2, "codename": "change_group"}}, {"model": "auth.permission", "pk": 11, "fields": {"name": "Can delete group", "content_type": 2, "codename": "delete_group"}}, {"model": "auth.permission", "pk": 12, "fields": {"name": "Can view group", "content_type": 2, "codename": "view_group"}}, {"model": "auth.permission", "pk": 13, "fields": {"name": "Can add user", "content_type": 4, "codename": "add_user"}}, {"model": "auth.permission", "pk": 14, "fields": {"name": "Can change user", "content_type": 4, "codename": "change_user"}}, {"model": "auth.permission", "pk": 15, "fields": {"name": "Can delete user", "content_type": 4, "codename": "delete_user"}}, {"model": "auth.permission", "pk": 16, "fields": {"name": "Can view user", "content_type": 4, "codename": "view_user"}}, {"model": "auth.permission", "pk": 17, "fields": {"name": "Can add content type", "content_type": 5, "codename": "add_contenttype"}}, {"model": "auth.permission", "pk": 18, "fields": {"name": "Can change content type", "content_type": 5, "codename": "change_contenttype"}}, {"model": "auth.permission", "pk": 19, "fields": {"name": "Can delete content type", "content_type": 5, "codename": "delete_contenttype"}}, {"model": "auth.permission", "pk": 20, "fields": {"name": "Can view content type", "content_type": 5, "codename": "view_contenttype"}}, {"model": "auth.permission", "pk": 21, "fields": {"name": "Can add session", "content_type": 6, "codename": "add_session"}}, {"model": "auth.permission", "pk": 22, "fields": {"name": "Can change session", "content_type": 6, "codename": "change_session"}}, {"model": "auth.permission", "pk": 23, "fields": {"name": "Can delete session", "content_type": 6, "codename": "delete_session"}}, {"model": "auth.permission", "pk": 24, "fields": {"name": "Can view session", "content_type": 6, "codename": "view_session"}}, {"model": "auth.permission", "pk": 25, "fields": {"name": "Can add department", "content_type": 7, "codename": "add_department"}}, {"model": "auth.permission", "pk": 26, "fields": {"name": "Can change department", "content_type": 7, "codename": "change_department"}}, {"model": "auth.permission", "pk": 27, "fields": {"name": "Can delete department", "content_type": 7, "codename": "delete_department"}}, {"model": "auth.permission", "pk": 28, "fields": {"name": "Can view department", "content_type": 7, "codename": "view_department"}}, {"model": "auth.permission", "pk": 29, "fields": {"name": "Can add emergency user", "content_type": 8, "codename": "add_emergencyuser"}}, {"model": "auth.permission", "pk": 30, "fields": {"name": "Can change emergency user", "content_type": 8, "codename": "change_emergencyuser"}}, {"model": "auth.permission", "pk": 31, "fields": {"name": "Can delete emergency user", "content_type": 8, "codename": "delete_emergencyuser"}}, {"model": "auth.permission", "pk": 32, "fields": {"name": "Can view emergency user", "content_type": 8, "codename": "view_emergencyuser"}}, {"model": "auth.permission", "pk": 33, "fields": {"name": "Can add incident", "content_type": 9, "codename": "add_incident"}}, {"model": "auth.permission", "pk": 34, "fields": {"name": "Can change incident", "content_type": 9, "codename": "change_incident"}}, {"model": "auth.permission", "pk": 35, "fields": {"name": "Can delete incident", "content_type": 9, "codename": "delete_incident"}}, {"model": "auth.permission", "pk": 36, "fields": {"name": "Can view incident", "content_type": 9, "codename": "view_incident"}}, {"model": "auth.permission", "pk": 37, "fields": {"name": "Can add responder", "content_type": 11, "codename": "add_responder"}}, {"model": "auth.permission", "pk": 38, "fields": {"name": "Can change responder", "content_type": 11, "codename": "change_responder"}}, {"model": "auth.permission", "pk": 39, "fields": {"name": "Can delete responder", "content_type": 11, "codename": "delete_responder"}}, {"model": "auth.permission", "pk": 40, "fields": {"name": "Can view responder", "content_type": 11, "codename": "view_responder"}}, {"model": "auth.permission", "pk": 41, "fields": {"name": "Can add incident response", "content_type": 10, "codename": "add_incidentresponse"}}, {"model": "auth.permission", "pk": 42, "fields": {"name": "Can change incident response", "content_type": 10, "codename": "change_incidentresponse"}}, {"model": "auth.permission", "pk": 43, "fields": {"name": "Can delete incident response", "content_type": 10, "codename": "delete_incidentresponse"}}, {"model": "auth.permission", "pk": 44, "fields": {"name": "Can view incident response", "content_type": 10, "codename": "view_incidentresponse"}}, {"model": "auth.permission", "pk": 45, "fields": {"name": "Can add profile", "content_type": 12, "codename": "add_profile"}}, {"model": "auth.permission", "pk": 46, "fields": {"name": "Can change profile", "content_type": 12, "codename": "change_profile"}}, {"model": "auth.permission", "pk": 47, "fields": {"name": "Can delete profile", "content_type": 12, "codename": "delete_profile"}}, {"model": "auth.permission", "pk": 48, "fields": {"name": "Can view profile", "content_type": 12, "codename": "view_profile"}}, {"model": "auth.group", "pk": 1, "fields": {"name": "Fire Department", "permissions": []}}, {"model": "auth.group", "pk": 2, "fields": {"name": "Medical Department", "permissions": []}}, {"model": "auth.group", "pk": 3, "fields": {"name": "Police Department", "permissions": []}}, {"model": "auth.group", "pk": 4, "fields": {"name": "General Department", "permissions": []}}, {"model": "auth.user", "pk": 1, "fields": {"password": "pbkdf2_sha256$1200000$tlYd7nlxmOJzyeevnP032N$N3J+RiMJogxNsY6zcohCyZR6fDBj2SwUPVD7VImJIC0=", "last_login": "2026-04-21T10:06:21.904Z", "is_superuser": true, "username": "lee", "first_name": "", "last_name": "", "email": "", "is_staff": true, "is_active": true, "date_joined": "2026-03-03T16:40:19.362Z", "groups": [], "user_permissions": []}}, {"model": "auth.user", "pk": 2, "fields": {"password": "pbkdf2_sha256$1200000$YZ1E7RElvRPXJ26SKQMuLa$BeSUmXl5qfRC1biracu8KqSR/Hh/AAGHlvABu9u4Krk=", "last_login": "2026-04-21T09:49:00.137Z", "is_superuser": false, "username": "police", "first_name": "police", "last_name": "", "email": "police@gmail.com", "is_staff": true, "is_active": true, "date_joined": "2026-03-04T11:59:49Z", "groups": [3], "user_permissions": []}}, {"model": "auth.user", "pk": 10, "fields": {"password": "pbkdf2_sha256$1200000$HkG1Z1a0zX5SXZ76cjAdoB$jSMiMLMLSFaYEV29LRuW5Aj/jmrpBZpUnNPUPo7Htgs=", "last_login": "2026-03-12T18:06:41.361Z", "is_superuser": false, "username": "fire", "first_name": "fire", "last_name": "", "email": "fire@gmail.com", "is_staff": true, "is_active": true, "date_joined": "2026-03-04T19:29:48Z", "groups": [1], "user_permissions": []}}, {"model": "auth.user", "pk": 11, "fields": {"password": "pbkdf2_sha256$1200000$VbdjAjnS8oluQUgueBZMEk$K4rHMmd81uHd8rH+tYWljqIpb5sjp+aVq3S9tVvsNrA=", "last_login": "2026-03-12T07:21:00.078Z", "is_superuser": false, "username": "medical", "first_name": "medical", "last_name": "", "email": "medical@gmail.com", "is_staff": true, "is_active": true, "date_joined": "2026-03-05T07:48:56Z", "groups": [2], "user_permissions": []}}, {"model": "auth.user", "pk": 12, "fields": {"password": "pbkdf2_sha256$1200000$ziOcle363XehzkgGagvo0e$YTSkXo7DLGE24783jboVKezb+yYHz8mxgAh0+Yjuw3k=", "last_login": "2026-03-11T15:08:31.721Z", "is_superuser": false, "username": "general", "first_name": "general", "last_name": "", "email": "general@gmail.com", "is_staff": true, "is_active": true, "date_joined": "2026-03-11T14:12:13Z", "groups": [], "user_permissions": []}}, {"model": "auth.user", "pk": 13, "fields": {"password": "pbkdf2_sha256$1200000$z6pjcMI9PhKIYPacKphqur$5AThcNfXSUV3rzq5jjgJWe5nScxJBtPgoRuGkdL1BQ4=", "last_login": "2026-03-12T17:30:53.298Z", "is_superuser": false, "username": "mimi", "first_name": "", "last_name": "", "email": "mimi@gmail.com", "is_staff": false, "is_active": true, "date_joined": "2026-03-11T14:12:51.932Z", "groups": [], "user_permissions": []}}, {"model": "auth.user", "pk": 14, "fields": {"password": "pbkdf2_sha256$1200000$uIkO2mHr7DBrTQFrHwGHR7$ndrGroynODcAG8kpQO3CSenYhFvbCn70F+vuAkwXM78=", "last_login": "2026-03-13T09:26:47.472Z", "is_superuser": false, "username": "emerge", "first_name": "", "last_name": "", "email": "emerge@gmail.com", "is_staff": false, "is_active": true, "date_joined": "2026-03-13T09:26:44.919Z", "groups": [], "user_permissions": []}}, {"model": "auth.user", "pk": 15, "fields": {"password": "pbkdf2_sha256$1200000$pjCeGft1AVSLy8Kp2hivKh$5aNaYQkTmmv3Dn471MvEAcH7IrNRFedbEjIh9i3Rw8A=", "last_login": "2026-03-29T17:27:45.904Z", "is_superuser": false, "username": "mill", "first_name": "", "last_name": "", "email": "millenia@gmail.com", "is_staff": false, "is_active": true, "date_joined": "2026-03-29T17:17:58.106Z", "groups": [], "user_permissions": []}}, {"model": "contenttypes.contenttype", "pk": 1, "fields": {"app_label": "admin", "model": "logentry"}}, {"model": "contenttypes.contenttype", "pk": 2, "fields": {"app_label": "auth", "model": "group"}}, {"model": "contenttypes.contenttype", "pk": 3, "fields": {"app_label": "auth", "model": "permission"}}, {"model": "contenttypes.contenttype", "pk": 4, "fields": {"app_label": "auth", "model": "user"}}, {"model": "contenttypes.contenttype", "pk": 5, "fields": {"app_label": "contenttypes", "model": "contenttype"}}, {"model": "contenttypes.contenttype", "pk": 6, "fields": {"app_label": "sessions", "model": "session"}}, {"model": "contenttypes.contenttype", "pk": 7, "fields": {"app_label": "emergencyresponse_app", "model": "department"}}, {"model": "contenttypes.contenttype", "pk": 8, "fields": {"app_label": "emergencyresponse_app", "model": "emergencyuser"}}, {"model": "contenttypes.contenttype", "pk": 9, "fields": {"app_label": "emergencyresponse_app", "model": "incident"}}, {"model": "contenttypes.contenttype", "pk": 10, "fields": {"app_label": "emergencyresponse_app", "model": "incidentresponse"}}, {"model": "contenttypes.contenttype", "pk": 11, "fields": {"app_label": "emergencyresponse_app", "model": "responder"}}, {"model": "contenttypes.contenttype", "pk": 12, "fields": {"app_label": "emergencyresponse_app", "model": "profile"}}, {"model": "sessions.session", "pk": "0tq80vma2yjejktld4663v2d8i6012tr", "fields": {"session_data": ".eJxVjMsOwiAQRf-FtSHTAQq4dO83kBkGbNXQpI-V8d-1SRe6veec-1KJtnVI21LmNIo6q06dfjem_ChtB3Kndpt0nto6j6x3RR900ddJyvNyuH8HAy3Dtw5YK2IvPiJEFmDPYCAapuIQwDnPjoqhimCtlRB8la7PxdguEiGq9wfO3Ddc:1w5OOL:VR0gYs09aTh26DUYf5SONGKsOWZT0mGAY_GQ58AgkFQ", "expire_date": "2026-04-08T13:35:25.110Z"}}, {"model": "sessions.session", "pk": "2ydpp1dej9s6z9d1y67a4t097pglbash", "fields": {"session_data": ".eJxVjMsOwiAQRf-FtSHTAQq4dO83kBkGbNXQpI-V8d-1SRe6veec-1KJtnVI21LmNIo6q06dfjem_ChtB3Kndpt0nto6j6x3RR900ddJyvNyuH8HAy3Dtw5YK2IvPiJEFmDPYCAapuIQwDnPjoqhimCtlRB8la7PxdguEiGq9wfO3Ddc:1w25Tu:fVoMYbq5vTBPjkEA6LtZWojMYQfyh2H_uMDYzFUnRg8", "expire_date": "2026-03-30T10:47:30.677Z"}}, {"model": "sessions.session", "pk": "52gme9rckxk9exwhez0bydiv9hzv00xx", "fields": {"session_data": ".eJxVjMsOwiAQRf-FtSHTAQq4dO83kBkGbNXQpI-V8d-1SRe6veec-1KJtnVI21LmNIo6q06dfjem_ChtB3Kndpt0nto6j6x3RR900ddJyvNyuH8HAy3Dtw5YK2IvPiJEFmDPYCAapuIQwDnPjoqhimCtlRB8la7PxdguEiGq9wfO3Ddc:1wF7zp:8ws_utWwIjau4kYHjLyRrjUevJf2c02XA4IA-UN74L8", "expire_date": "2026-05-05T10:06:21.923Z"}}, {"model": "sessions.session", "pk": "7nz98pxgigab38xe42b3kqz3hwn5wtph", "fields": {"session_data": ".eJxVjMsOwiAQRf-FtSHTAQq4dO83kBkGbNXQpI-V8d-1SRe6veec-1KJtnVI21LmNIo6q06dfjem_ChtB3Kndpt0nto6j6x3RR900ddJyvNyuH8HAy3Dtw5YK2IvPiJEFmDPYCAapuIQwDnPjoqhimCtlRB8la7PxdguEiGq9wfO3Ddc:1w7XmH:0--xaX4ibF-4lH8J0nS_0E3Uat3U-zWIr-Vjeq-B-Fk", "expire_date": "2026-04-14T12:01:01.891Z"}}, {"model": "sessions.session", "pk": "7tj01tfj0tyuam2ouaq2dw5mh737bhr3", "fields": {"session_data": ".eJxVjMsOwiAQRf-FtSHTAQq4dO83kBkGbNXQpI-V8d-1SRe6veec-1KJtnVI21LmNIo6q06dfjem_ChtB3Kndpt0nto6j6x3RR900ddJyvNyuH8HAy3Dtw5YK2IvPiJEFmDPYCAapuIQwDnPjoqhimCtlRB8la7PxdguEiGq9wfO3Ddc:1vxSqX:MsHzI10gBXRAAMvSwGeqtWRaaS8Z00rufCMrNZHDCoc", "expire_date": "2026-03-17T16:43:45.375Z"}}, {"model": "sessions.session", "pk": "atowezwi8n91z22wmo6vq05k33e25mds", "fields": {"session_data": ".eJxVjMsOwiAQRf-FtSHTAQq4dO83kBkGbNXQpI-V8d-1SRe6veec-1KJtnVI21LmNIo6q06dfjem_ChtB3Kndpt0nto6j6x3RR900ddJyvNyuH8HAy3Dtw5YK2IvPiJEFmDPYCAapuIQwDnPjoqhimCtlRB8la7PxdguEiGq9wfO3Ddc:1wEkYU:aGgQCyVgkRMLrbftdTGOGaxgfq4hs7QnEIA3sQc0T_4", "expire_date": "2026-05-04T09:04:34.278Z"}}, {"model": "sessions.session", "pk": "b3wmc9qo7xp6ldprhtoc7yijtcjawgrf", "fields": {"session_data": ".eJxVjMsOwiAQRf-FtSHTAQq4dO83kBkGbNXQpI-V8d-1SRe6veec-1KJtnVI21LmNIo6q06dfjem_ChtB3Kndpt0nto6j6x3RR900ddJyvNyuH8HAy3Dtw5YK2IvPiJEFmDPYCAapuIQwDnPjoqhimCtlRB8la7PxdguEiGq9wfO3Ddc:1w0k6Z:RKmJ8HxctCnzzxa6scaZt_05Sf0bIEsNA8Zlf9-txEY", "expire_date": "2026-03-26T17:45:51.606Z"}}, {"model": "sessions.session", "pk": "erud5oivwaudzilyb7p7iuqzi2vut1rn", "fields": {"session_data": ".eJxVjMsOwiAQRf-FtSHTAQq4dO83kBkGbNXQpI-V8d-1SRe6veec-1KJtnVI21LmNIo6q06dfjem_ChtB3Kndpt0nto6j6x3RR900ddJyvNyuH8HAy3Dtw5YK2IvPiJEFmDPYCAapuIQwDnPjoqhimCtlRB8la7PxdguEiGq9wfO3Ddc:1vzfhF:MEQ8zUaQ7rOCgX2ty7IfdT2hoF-43v4FCfNrvLnYWCk", "expire_date": "2026-03-23T18:51:17.566Z"}}, {"model": "sessions.session", "pk": "hb760whusbdkjc2bc24ey180sa6h1vmf", "fields": {"session_data": ".eJxVjMsOwiAQRf-FtSHTAQq4dO83kBkGbNXQpI-V8d-1SRe6veec-1KJtnVI21LmNIo6q06dfjem_ChtB3Kndpt0nto6j6x3RR900ddJyvNyuH8HAy3Dtw5YK2IvPiJEFmDPYCAapuIQwDnPjoqhimCtlRB8la7PxdguEiGq9wfO3Ddc:1w4bLe:4HHKYioubEEZIfEw2gBJ3kjR_RgoFz8rnfKfUDXADAc", "expire_date": "2026-04-06T09:13:22.062Z"}}, {"model": "sessions.session", "pk": "pewm97sf7txex99zy81o5czhqwg71baz", "fields": {"session_data": ".eJxVjMsOwiAQRf-FtSHTAQq4dO83kBkGbNXQpI-V8d-1SRe6veec-1KJtnVI21LmNIo6q06dfjem_ChtB3Kndpt0nto6j6x3RR900ddJyvNyuH8HAy3Dtw5YK2IvPiJEFmDPYCAapuIQwDnPjoqhimCtlRB8la7PxdguEiGq9wfO3Ddc:1vzgib:uAYxmtq365oOSEt835p0cJx0NjjDVoBikTxHVQn8L6I", "expire_date": "2026-03-23T19:56:45.781Z"}}, {"model": "sessions.session", "pk": "ruq4i15zg78xxu42y6pr6fhxanjxy1dx", "fields": {"session_data": ".eJxVjMsOwiAQRf-FtSHTAQq4dO83kBkGbNXQpI-V8d-1SRe6veec-1KJtnVI21LmNIo6q06dfjem_ChtB3Kndpt0nto6j6x3RR900ddJyvNyuH8HAy3Dtw5YK2IvPiJEFmDPYCAapuIQwDnPjoqhimCtlRB8la7PxdguEiGq9wfO3Ddc:1wF5ee:A0w3eBr89dAeBkAZUrbRVng_EVH16Wav7DtcpGjtMFs", "expire_date": "2026-05-05T07:36:20.207Z"}}, {"model": "sessions.session", "pk": "uszjjbklz7pnp7ambgg2qcyppb3m7n94", "fields": {"session_data": ".eJxVjMsOwiAQRf-FtSHTAQq4dO83kBkGbNXQpI-V8d-1SRe6veec-1KJtnVI21LmNIo6q06dfjem_ChtB3Kndpt0nto6j6x3RR900ddJyvNyuH8HAy3Dtw5YK2IvPiJEFmDPYCAapuIQwDnPjoqhimCtlRB8la7PxdguEiGq9wfO3Ddc:1w7DTt:ufb3qbu7gEC4hb-GeR6hWSijXoH1hw5U2gSgyQ3pukM", "expire_date": "2026-04-13T14:20:41.555Z"}}, {"model": "sessions.session", "pk": "v7cw048dn7o8s8ywoan30y7a2ragcb9x", "fields": {"session_data": ".eJxVjDsOwyAQRO9CHSGwl1_K9D4DAnYJTiKQjF1FuXtsyUWi6ea9mTfzYVuL3zotfkZ2ZRLY5beMIT2pHgQfod4bT62uyxz5ofCTdj41pNftdP8OSuhlX49ARmuEqEkoFaPRACitc4Q6j4MGAVIAZoCQBEmbrExZ0RiGPU4Z9vkC8uY3pg:1w0yn9:BA0kCLlANq-ImfHqnirm1KKwlpgSmE5L_9XpbVkNiW4", "expire_date": "2026-03-27T09:26:47.497Z"}}, {"model": "sessions.session", "pk": "y0v5oa8mjb747zbckde2vybi0zu71bzf", "fields": {"session_data": ".eJxVjMsOwiAQRf-FtSHTAQq4dO83kBkGbNXQpI-V8d-1SRe6veec-1KJtnVI21LmNIo6q06dfjem_ChtB3Kndpt0nto6j6x3RR900ddJyvNyuH8HAy3Dtw5YK2IvPiJEFmDPYCAapuIQwDnPjoqhimCtlRB8la7PxdguEiGq9wfO3Ddc:1w232N:evieQ5SShWlKwA_Edj03w1Ql5GFf2FkaXaJzYoPvgRM", "expire_date": "2026-03-30T08:10:55.895Z"}}, {"model": "sessions.session", "pk": "z5l6271ejkrxn4zv3p0bp4o45h2hv1uc", "fields": {"session_data": ".eJxVjDsOwjAQBe_iGll2vGtnKek5g7X-4QBypDipEHeHSCmgfTPzXsLztla_9bz4KYmz0EqcfsfA8ZHbTtKd222WcW7rMgW5K_KgXV7nlJ-Xw_07qNzrtw4u5AIABCVHa0ZHygEHLAV1VEymIKGzA5hEZYjJMeBo0JLRxGxZvD8HTTfB:1vyRZD:3fcpA1eep2qUWuhyu0eX2aoSW_EzkyC3J8CJCXD0uqY", "expire_date": "2026-03-20T09:33:55.546Z"}}, {"model": "sessions.session", "pk": "zup7i4m5egfh2x9l7fb0eug7mtvx42u3", "fields": {"session_data": ".eJxVjMsOwiAQRf-FtSHTAQq4dO83kBkGbNXQpI-V8d-1SRe6veec-1KJtnVI21LmNIo6q06dfjem_ChtB3Kndpt0nto6j6x3RR900ddJyvNyuH8HAy3Dtw5YK2IvPiJEFmDPYCAapuIQwDnPjoqhimCtlRB8la7PxdguEiGq9wfO3Ddc:1vyRBU:MONcCZpWIi4SukOTf29mkF2ie8ZL9V0mskOFNIfFC5o", "expire_date": "2026-03-20T09:09:24.065Z"}}, {"model": "emergencyresponse_app.profile", "pk": 1, "fields": {"user": 2, "full_name": "police", "phone_number": "0123456789", "location": "Tudor", "emergency_contact_name": "lee", "emergency_contact_phone": "0123456788"}}, {"model": "emergencyresponse_app.profile", "pk": 3, "fields": {"user": 1, "full_name": "lee", "phone_number": "0123456789", "location": "Tudor_centre", "emergency_contact_name": "mimi", "emergency_contact_phone": "0123456788"}}, {"model": "emergencyresponse_app.profile", "pk": 8, "fields": {"user": 10, "full_name": "fire", "phone_number": "0123456789", "location": "Tudor", "emergency_contact_name": "sisi", "emergency_contact_phone": "0123456788"}}, {"model": "emergencyresponse_app.profile", "pk": 9, "fields": {"user": 11, "full_name": "medical", "phone_number": "0123456789", "location": "Tudor", "emergency_contact_name": "mimi", "emergency_contact_phone": "0123456788"}}, {"model": "emergencyresponse_app.profile", "pk": 10, "fields": {"user": 12, "full_name": "general", "phone_number": "0700000000", "location": "Tudor", "emergency_contact_name": "sisi", "emergency_contact_phone": "0123456788"}}, {"model": "emergencyresponse_app.profile", "pk": 11, "fields": {"user": 13, "full_name": "mimi", "phone_number": "0123456789", "location": "Tudor", "emergency_contact_name": "sisi", "emergency_contact_phone": "0123456788"}}, {"model": "emergencyresponse_app.profile", "pk": 12, "fields": {"user": 14, "full_name": "emergency", "phone_number": "0123456789", "location": "Tudor", "emergency_contact_name": "emergency1", "emergency_contact_phone": "0123456788"}}, {"model": "emergencyresponse_app.profile", "pk": 13, "fields": {"user": 15, "full_name": "", "phone_number": "0700000000", "location": "Tudor", "emergency_contact_name": "", "emergency_contact_phone": ""}}, {"model": "emergencyresponse_app.department", "pk": 1, "fields": {"name": "fire", "description": "deals with fire", "phone_number": "0123456789", "latitude": -4.0435, "longitude": 39.6682, "location_name": "Tudor_centre", "created_at": "2026-03-03T16:44:13.693Z"}}, {"model": "emergencyresponse_app.department", "pk": 2, "fields": {"name": "medical", "description": "Deals with heath", "phone_number": "0123456789", "latitude": -4.0435, "longitude": 39.6682, "location_name": "Tudor", "created_at": "2026-03-06T13:01:27.373Z"}}, {"model": "emergencyresponse_app.department", "pk": 3, "fields": {"name": "police", "description": "Deals with law and order", "phone_number": "0700000000", "latitude": -4.0435, "longitude": 39.6682, "location_name": "Tudor", "created_at": "2026-03-06T13:01:50.028Z"}}, {"model": "emergencyresponse_app.department", "pk": 4, "fields": {"name": "general", "description": "Deals with general incidents", "phone_number": "0700000000", "latitude": -4.0435, "longitude": 39.6682, "location_name": "Tudor", "created_at": "2026-03-11T14:41:25.978Z"}}, {"model": "emergencyresponse_app.responder", "pk": 1, "fields": {"user": 10, "department": 1, "phone_number": "0700000000", "latitude": null, "longitude": null, "is_available": true, "created_at": "2026-03-11T13:03:27.649Z", "updated_at": "2026-03-11T13:03:27.649Z"}}, {"model": "emergencyresponse_app.responder", "pk": 2, "fields": {"user": 11, "department": 2, "phone_number": "0700000000", "latitude": null, "longitude": null, "is_available": true, "created_at": "2026-03-11T13:12:35.857Z", "updated_at": "2026-03-11T13:12:35.857Z"}}, {"model": "emergencyresponse_app.responder", "pk": 3, "fields": {"user": 2, "department": 3, "phone_number": "0700000000", "latitude": null, "longitude": null, "is_available": true, "created_at": "2026-03-11T13:13:45.158Z", "updated_at": "2026-03-11T13:13:45.158Z"}}, {"model": "emergencyresponse_app.responder", "pk": 4, "fields": {"user": 12, "department": 4, "phone_number": "0700000000", "latitude": null, "longitude": null, "is_available": true, "created_at": "2026-03-11T14:48:12.791Z", "updated_at": "2026-03-11T15:05:32.573Z"}}, {"model": "emergencyresponse_app.emergencyuser", "pk": 1, "fields": {"user": 2, "phone_number": "0123456789", "location": "chuda", "latitude": null, "longitude": null, "emergency_contact_name": "lee", "emergency_contact_phone": "0123456788", "created_at": "2026-03-04T11:59:51.601Z"}}, {"model": "emergencyresponse_app.incident", "pk": 16, "fields": {"user": 3, "department": 1, "title": "Fire Department Emergency", "description": "sdadadda", "priority": "high", "status": "pending", "latitude": -4.050117574866906, "longitude": 39.649663100577, "location_name": "tononoka", "location_description": "sadasdsad", "assigned_responder": null, "created_at": "2026-03-09T15:22:44.002Z", "updated_at": "2026-03-09T17:52:25.581Z", "resolved_at": null, "reported_by": null}}, {"model": "emergencyresponse_app.incident", "pk": 21, "fields": {"user": 3, "department": 3, "title": "Police Department Emergency", "description": "police help police", "priority": "high", "status": "resolved", "latitude": -4.050112696242221, "longitude": 39.649661743740936, "location_name": "Tudor_estate", "location_description": "poliice", "assigned_responder": null, "created_at": "2026-03-09T18:52:22.869Z", "updated_at": "2026-03-28T15:43:27.408Z", "resolved_at": "2026-03-28T15:43:27.408Z", "reported_by": null}}, {"model": "emergencyresponse_app.incident", "pk": 23, "fields": {"user": 3, "department": 2, "title": "Medical/Ambulance Emergency", "description": "There is an accident at miritini and people are injured", "priority": "high", "status": "pending", "latitude": -4.0501076671580325, "longitude": 39.649663569586785, "location_name": "miritini", "location_description": "nearn mavunguni", "assigned_responder": null, "created_at": "2026-03-11T06:21:53.477Z", "updated_at": "2026-03-11T06:21:53.477Z", "resolved_at": null, "reported_by": null}}, {"model": "emergencyresponse_app.incident", "pk": 24, "fields": {"user": 8, "department": 1, "title": "Fire Department Emergency", "description": "fire at mlongoni", "priority": "high", "status": "resolved", "latitude": -4.050111660898056, "longitude": 39.64966323425543, "location_name": "Tudor_centre", "location_description": "near TUM", "assigned_responder": null, "created_at": "2026-03-11T07:13:09.046Z", "updated_at": "2026-03-11T07:14:58.478Z", "resolved_at": "2026-03-11T07:14:58.477Z", "reported_by": null}}, {"model": "emergencyresponse_app.incident", "pk": 25, "fields": {"user": 11, "department": 3, "title": "Police Department Emergency", "description": "A thief has stolen my phone", "priority": "high", "status": "pending", "latitude": -4.050112696242221, "longitude": 39.649661743740936, "location_name": "Tudor", "location_description": "nearn mavunguni", "assigned_responder": null, "created_at": "2026-03-11T14:14:37.657Z", "updated_at": "2026-03-11T14:14:37.657Z", "resolved_at": null, "reported_by": null}}, {"model": "emergencyresponse_app.incident", "pk": 27, "fields": {"user": 3, "department": 4, "title": "General Department Emergency", "description": "there is a brawl", "priority": "high", "status": "pending", "latitude": -4.05012945089496, "longitude": 39.64966106300047, "location_name": "Tudor", "location_description": "nearn mavunguni", "assigned_responder": null, "created_at": "2026-03-11T15:08:10.989Z", "updated_at": "2026-03-12T19:13:22.460Z", "resolved_at": null, "reported_by": null}}, {"model": "emergencyresponse_app.incident", "pk": 28, "fields": {"user": 11, "department": 1, "title": "Fire Department Emergency", "description": "There is a house on fire near Kongowea market. Smoke is very heavy and people are trying to remove things from inside. The fire seems to be spreading to the next shop.", "priority": "high", "status": "pending", "latitude": -4.050023, "longitude": 39.64954, "location_name": "Tudor_estate", "location_description": "near kongowea", "assigned_responder": null, "created_at": "2026-03-12T17:32:26.553Z", "updated_at": "2026-03-12T17:32:26.553Z", "resolved_at": null, "reported_by": null}}, {"model": "emergencyresponse_app.incident", "pk": 29, "fields": {"user": 11, "department": 1, "title": "Fire Department Emergency", "description": "A fire started in the kitchen of the third floor apartment. We tried to put it out but the smoke is too much and people are evacuating the building.", "priority": "high", "status": "pending", "latitude": -4.050081, "longitude": 39.649651, "location_name": "ganjoni", "location_description": "near ganjoni school", "assigned_responder": null, "created_at": "2026-03-12T17:33:25.122Z", "updated_at": "2026-03-12T19:13:16.140Z", "resolved_at": null, "reported_by": null}}, {"model": "emergencyresponse_app.incident", "pk": 30, "fields": {"user": 11, "department": 2, "title": "Medical Department Emergency", "description": "An elderly man collapsed near the bus stop. He is breathing but not responding properly. People around are trying to help but we need medical assistance quickly.", "priority": "high", "status": "pending", "latitude": -4.050081, "longitude": 39.649651, "location_name": "kizingo", "location_description": "near kizingo school", "assigned_responder": null, "created_at": "2026-03-12T17:34:29.584Z", "updated_at": "2026-03-12T17:34:29.584Z", "resolved_at": null, "reported_by": null}}, {"model": "emergencyresponse_app.incident", "pk": 31, "fields": {"user": 11, "department": 2, "title": "Medical Department Emergency", "description": "A child in the neighborhood is struggling to breathe and coughing heavily. Parents are worried and asking for medical help.", "priority": "high", "status": "pending", "latitude": -4.050081, "longitude": 39.649651, "location_name": "miritini", "location_description": "near hospital", "assigned_responder": null, "created_at": "2026-03-12T17:34:56.901Z", "updated_at": "2026-03-12T17:34:56.901Z", "resolved_at": null, "reported_by": null}}, {"model": "emergencyresponse_app.incident", "pk": 32, "fields": {"user": 11, "department": 3, "title": "Police Department Emergency", "description": "Two unknown men are trying to force open a shop door near the street corner. They are acting suspicious and looking around constantly.", "priority": "high", "status": "pending", "latitude": -4.0500445, "longitude": 39.649576, "location_name": "kipevu", "location_description": "opposite shell", "assigned_responder": null, "created_at": "2026-03-12T17:35:54.572Z", "updated_at": "2026-03-12T17:35:54.572Z", "resolved_at": null, "reported_by": null}}, {"model": "emergencyresponse_app.incident", "pk": 33, "fields": {"user": 11, "department": 3, "title": "Police Department Emergency", "description": "Two groups of people are fighting loudly outside the apartment building. It is becoming aggressive and others are scared.", "priority": "high", "status": "pending", "latitude": -4.05006275, "longitude": 39.6496135, "location_name": "tononoka", "location_description": "around matatu stage", "assigned_responder": null, "created_at": "2026-03-12T17:36:58.166Z", "updated_at": "2026-03-12T17:36:58.166Z", "resolved_at": null, "reported_by": null}}, {"model": "emergencyresponse_app.incident", "pk": 34, "fields": {"user": 11, "department": 4, "title": "General Department Emergency", "description": "An electric pole has fallen after strong winds and wires are lying on the road. Vehicles are avoiding the area.", "priority": "high", "status": "pending", "latitude": -4.05006275, "longitude": 39.6496135, "location_name": "ganjoni", "location_description": "around ganjoni school", "assigned_responder": null, "created_at": "2026-03-12T17:37:33.707Z", "updated_at": "2026-03-12T19:13:09.164Z", "resolved_at": null, "reported_by": null}}, {"model": "emergencyresponse_app.incident", "pk": 35, "fields": {"user": 11, "department": 4, "title": "General Department Emergency", "description": "A large tree fell across the road after rain. Traffic is blocked and vehicles are turning around.", "priority": "high", "status": "pending", "latitude": -4.05006275, "longitude": 39.6496135, "location_name": "Tudor", "location_description": "around TUM", "assigned_responder": null, "created_at": "2026-03-12T17:37:59.118Z", "updated_at": "2026-03-12T19:12:56.558Z", "resolved_at": null, "reported_by": null}}, {"model": "emergencyresponse_app.incident", "pk": 36, "fields": {"user": 3, "department": 1, "title": "Fire Department Emergency", "description": "There is a big fire happening near the residential houses behind the main road. Ilianza kama moshi kidogo but now the flames are getting bigger and people are panicking. Some neighbors are trying to bring water with buckets but the fire seems to be spreading to the nearby wooden structures. Kuna watoto na wazee wengi around the area and they are being moved away for safety. The smoke is very thick and inaweza kuwa dangerous for breathing. We are worried it might reach the nearby shops if nothing is done quickly. Tafadhali fire department msaada haraka before the situation gets worse and more property is destroyed.", "priority": "high", "status": "in_progress", "latitude": -4.0500445, "longitude": 39.649576, "location_name": "Tudor_centre", "location_description": "near round-about matatu stage", "assigned_responder": null, "created_at": "2026-03-12T17:43:28.872Z", "updated_at": "2026-03-13T09:01:17.237Z", "resolved_at": "2026-03-12T18:54:15Z", "reported_by": null}}, {"model": "emergencyresponse_app.incident", "pk": 37, "fields": {"user": 12, "department": 4, "title": "General Department Emergency", "description": "I am currently in a dangerous situation and need immediate assistance. A serious incident has just occurred nearby, and several people appear to be injured. There is loud shouting and panic in the area, and the situation feels unstable and unsafe. I can see smoke coming from a nearby building and people are running away from the scene. I am staying at a safe distance but I’m worried that the situation could escalate quickly. Emergency responders are not yet visible. Please send help as soon as possible and alert the appropriate authorities. My exact location is being shared through the app. I will remain alert and await further instructions. 🚨", "priority": "high", "status": "pending", "latitude": -4.050120061297143, "longitude": 39.64967717372434, "location_name": "Tudor", "location_description": "around tudor stage", "assigned_responder": null, "created_at": "2026-03-13T09:31:39.813Z", "updated_at": "2026-03-13T09:31:39.813Z", "resolved_at": null, "reported_by": null}}, {"model": "emergencyresponse_app.incident", "pk": 38, "fields": {"user": 1, "department": 3, "title": "Police Department Emergency", "description": "a thief has stolen my iphone", "priority": "high", "status": "in_progress", "latitude": -4.050107036105521, "longitude": 39.649666231969185, "location_name": null, "location_description": null, "assigned_responder": null, "created_at": "2026-03-28T15:46:33.997Z", "updated_at": "2026-03-28T15:51:57.356Z", "resolved_at": null, "reported_by": null}}, {"model": "emergencyresponse_app.incidentresponse", "pk": 1, "fields": {"incident": 24, "responder": 1, "response_time": "2026-03-11T13:15:18.933Z", "estimated_arrival": null, "actual_arrival": null, "status": "in_progress", "notes": ""}}]
